company,title,description,url,publishedAt,source,label,score,prob_negative,prob_neutral,prob_positive
Bitcoin,CME Group launches CFTC-regulated Solana and XRP options,CME has added SOL and XRP to its crypto derivatives offerings. The regulated products allow traders to choose between micro and standard contracts. Contracts are “physically settled” into their corresponding futures. The Chicago Mercantile Exchange Group has …,https://coinjournal.net/news/cme-group-launches-cftc-regulated-solana-and-xrp-options-market/,2025-10-13T17:00:36Z,Coinjournal.net,negative,0.9999674558639526,0.9999674558639526,2.90492462227121e-05,3.4184351989097195e-06
Bitcoin,WazirX’s Long Road Ends: Singapore Court Clears Way For User Crypto Distribution,"Indian exchange WazirX has received the greenlight from the Singapore High Court, paving way for users to finally get their crypto funds back. WazirX Restructuring Approved By Singapore High Court As announced by WazirX founder and CEO Nischal Shetty in an X …",https://bitcoinist.com/wazirxs-singapore-court-user-crypto-distribution/,2025-10-13T17:00:27Z,Bitcoinist,negative,0.9814913272857666,0.9814913272857666,0.018476855009794235,3.186398680554703e-05
Bitcoin,"Bitcoin shorts, whales, and the next move – Is a V-shaped rebound in play?",Is Bitcoin's rebound more than just a bear trap?,https://ambcrypto.com/bitcoin-shorts-whales-and-the-next-move-is-a-v-shaped-rebound-in-play/,2025-10-13T17:00:12Z,Ambcrypto.com,neutral,0.6517741084098816,0.3223332464694977,0.6517741084098816,0.025892656296491623
Bitcoin,"Price predictions 10/13: SPX, DXY, BTC, ETH, BNB, XRP, SOL, DOGE, ADA, HYPE","Bitcoin and the major altcoins witnessed solid buying at lower levels, but a sustained relief rally is unlikely as the bears are expected to sell at higher levels.",https://cointelegraph.com/news/price-predictions-10-13-spx-dxy-btc-eth-bnb-xrp-sol-doge-ada-hype,2025-10-13T16:57:00Z,Cointelegraph,neutral,0.9998241066932678,5.66131820960436e-05,0.9998241066932678,0.00011933777568629012
Bitcoin,Institutions Restart Heavy Buying After the Weekend Crypto Crash,"Bitmine announced its ETH holdings now exceed $3 million after it purchased over 202,000 ETH. Meanwhile, Strategy expanded its Bitcoin accumulation, raising over $27 million to buy 220 BTC.
These are just a few examples of how digital asset treasuries and lar…",https://biztoc.com/x/0e32c2f811c90415,2025-10-13T16:45:14Z,Biztoc.com,negative,0.9096670150756836,0.9096670150756836,0.09030240029096603,3.060042945435271e-05
Bitcoin,Strategy Bought $27M in Bitcoin at $123K Before Crypto Crash,", the world's largest corporate owner of bitcoin (BTC), appeared to miss out on capitalizing on last week's market rout to purchase the dip in prices.
According to Monday's press release, the firm bought 220 BTC at an average price of $123,561. The company us…",https://biztoc.com/x/28ba890aba8599c5,2025-10-13T16:44:59Z,Biztoc.com,negative,0.9972822666168213,0.9972822666168213,0.0005284494836814702,0.0021892343647778034
Bitcoin,Crypto Markets Today: Bitcoin and Altcoins Recover After $500B Crash,"The crypto market staged a recovery on Monday following the weekend's $500 billion bloodbath that resulted in a $10 billion drop in open interest.
Bitcoin (BTC) rose by 1.4% while ether (ETH) outperformed with a 2.5% gain. Synthetix (SNX), meanwhile, stole th…",https://biztoc.com/x/e4f6d24d9e85a829,2025-10-13T16:44:57Z,Biztoc.com,positive,0.5953821539878845,0.00011269257083768025,0.4045051634311676,0.5953821539878845
Bitcoin,Strategy Spent Another $27 Million on Bitcoin Before It Crashed,"Strategy purchased 220 Bitcoin for an average price of $123,500 last week, apparently ahead of the coin's price plunge on Friday.",https://decrypt.co/344067/strategy-spent-another-27-million-bitcoin-before-crash,2025-10-13T16:42:52Z,Decrypt,negative,0.9995871186256409,0.9995871186256409,0.00011274319695075974,0.00030014291405677795
Bitcoin,WazirX Secures Court Approval for Debt Restructuring Plan,The Singapore High Court has given the green light to the exchange's recovery scheme after 95.7% of creditors backed the plan.,https://decrypt.co/344084/wazirx-secures-court-approval-for-debt-restructuring-plan,2025-10-13T16:34:47Z,Decrypt,negative,0.8196977972984314,0.8196977972984314,0.18018321692943573,0.00011893206828972325
Bitcoin,Analysts warn of another crypto market crash today,"Friday, Oct. 10, witnessed the worst wipeout in the crypto market after President Donald Trump threatened to impose a 100% tariff on imports from China to the U.S.
The total crypto market capitalization fell from $4.1 trillion to $3.6 trillion within hours of…",https://biztoc.com/x/d589880d77c3b78e,2025-10-13T16:34:01Z,Biztoc.com,positive,0.9999198913574219,5.499899089045357e-06,7.460652705049142e-05,0.9999198913574219
Bitcoin,Bitcoin Price Crash Not Over? Analyst Predicts Another 30% Crash As Longs Pile Up Again,"Top crypto analyst Capo has indicated that the Bitcoin price crash is not over. This comes amid a rebound in the flagship crypto, which has climbed from the lows recorded during the recent crypto market crash.  Analyst Predicts 30% Drop For The Bitcoin Price …",http://www.newsbtc.com/news/bitcoin/bitcoin-price-crash-not-over-2/,2025-10-13T16:30:08Z,newsBTC,neutral,0.9894687533378601,0.0017115498194471002,0.9894687533378601,0.008819789625704288
Bitcoin,The Big Bitcoin Short: Who profited $200 million shorting BTC just before Trump’s post?,Rumors of insider trading dominated social media throughout the weekend as one wallet banked generational wealth in a single trade. Bitcoin price fell rapidly after President Trump posted plans on Friday to impose 100% tariffs on all Chinese imports effective…,https://cryptoslate.com/the-big-bitcoin-short-who-shorted-btc-before-trumps-tariff-post-to-bank-200-million/,2025-10-13T16:25:53Z,CryptoSlate,positive,0.8516727685928345,0.14732500910758972,0.0010022394126281142,0.8516727685928345
Bitcoin,Jeremy Siegel says China tariffs are temporary and the market could continue to 'new highs' if they're lifted,"The Wharton finance professor said if the levies are lifted, the market is likely to pass new milestones.",https://www.businessinsider.com/jeremy-siegel-china-tariffs-temporary-market-new-highs-2025-10,2025-10-13T16:25:02Z,Business Insider,negative,0.9836558103561401,0.9836558103561401,0.007097653113305569,0.009246488101780415
Bitcoin,BlackRock CEO Larry Fink: Bitcoin and Crypto 'Serve Same Purpose as Gold',"BlackRock CEO Larry Fink has once again reiterated cautious approval of crypto investments and walked back previous comments he made in October 2017 about Bitcoin being an “index of money laundering.”
Speaking with CBS on Sunday, Fink said that “I did say Bit…",https://biztoc.com/x/9c6991e89a6a8649,2025-10-13T16:23:05Z,Biztoc.com,negative,0.9999032020568848,0.9999032020568848,8.059898391366005e-06,8.865562995197251e-05
Bitcoin,Ahead of Market: 10 things that will decide stock market action on Tuesday,"Indian markets closed lower on Monday, led by IT stocks, as renewed US-China trade tensions and a US government shutdown dampened investor sentiment. Analysts noted profit booking in consumption sectors and mixed Q2 earnings, though mid- and small-cap stocks …",https://economictimes.indiatimes.com/markets/stocks/news/ahead-of-market-10-things-that-will-decide-stock-market-action-on-tuesday/articleshow/124531883.cms,2025-10-13T16:21:05Z,The Times of India,positive,0.9999374151229858,6.758036761311814e-06,5.5788270401535556e-05,0.9999374151229858
Bitcoin,"While Government Stalls, the White House Plots Its Crypto Move? US Crypto News",What is the biggest crypto news today? The White House has a candidate for the CFTC chair as the US faces record shutdown delays.,https://beincrypto.com/white-house-cftc-mike-selig-shutdown-us-crypto-news/,2025-10-13T16:14:56Z,BeInCrypto,positive,0.9841380715370178,0.014260848984122276,0.001601099269464612,0.9841380715370178
Bitcoin,BlackRock CEO Larry Fink Says There's A Role For Crypto 'In The Same Way There Is For Gold',"BlackRock Inc. (NYSE:BLK) CEO Larry Fink said cryptocurrencies have a legitimate role similar to gold, reversing his earlier skepticism during an interview with CBS' 60 Minutes.
Fink Reverses Course As Crypto Gains Ground Like Gold
Fink acknowledged that he o…",https://biztoc.com/x/82c3485022f75341,2025-10-13T16:12:07Z,Biztoc.com,negative,0.9987407326698303,0.9987407326698303,0.0001758758444339037,0.0010833939304575324
Bitcoin,Bitcoin whale reveals 3.5K BTC short: key support levels to watch next,"Bitcoin stopped short of a full rebound at $116,000 as traders monitored whale activity and several key BTC price support levels.",https://cointelegraph.com/news/bitcoin-whale-reveals-3-5k-btc-short-levels-watch-next,2025-10-13T16:10:45Z,Cointelegraph,negative,0.8507863283157349,0.8507863283157349,8.88538415892981e-05,0.14912481606006622
Bitcoin,Crypto CEO Konstantin Galish mysterious death in his Lamborghini amid $30 million market crash: Who was he?,"A massive crypto liquidation event, exceeding $19 billion, occurred following US President Trump's announcement of tariffs on China. Amidst this market crash, Ukrainian crypto trader Konstantin Galish was found dead in his Lamborghini, with authorities invest…",https://economictimes.indiatimes.com/news/international/global-trends/crypto-ceo-konstantin-galish-mysterious-death-in-his-lamborghini-amid-30-million-market-crash-who-was-he/articleshow/124531655.cms,2025-10-13T16:10:13Z,The Times of India,positive,0.8510776162147522,0.13940952718257904,0.009512890130281448,0.8510776162147522
Bitcoin,Bitcoin mining stocks rebound after Trump’s tariff threat sparked market turmoil,Analysts say confusion over China’s export rules briefly rattled markets before Bitcoin miners led a swift recovery on Monday.,https://cointelegraph.com/news/bitcoin-miners-rally-trump-china-tariff-fears,2025-10-13T16:09:32Z,Cointelegraph,positive,0.9998072981834412,2.144843529094942e-05,0.0001712453959044069,0.9998072981834412
Ethereum,CME Group launches CFTC-regulated Solana and XRP options,CME has added SOL and XRP to its crypto derivatives offerings. The regulated products allow traders to choose between micro and standard contracts. Contracts are “physically settled” into their corresponding futures. The Chicago Mercantile Exchange Group has …,https://coinjournal.net/news/cme-group-launches-cftc-regulated-solana-and-xrp-options-market/,2025-10-13T17:00:36Z,Coinjournal.net,negative,0.9999674558639526,0.9999674558639526,2.90492462227121e-05,3.4184351989097195e-06
Ethereum,Bitcoin Price Crash Not Over? Analyst Predicts Another 30% Crash As Longs Pile Up Again,"Top crypto analyst Capo has indicated that the Bitcoin price crash is not over. This comes amid a rebound in the flagship crypto, which has climbed from the lows recorded during the recent crypto market crash.  Analyst Predicts 30% Drop For The Bitcoin Price …",http://www.newsbtc.com/news/bitcoin/bitcoin-price-crash-not-over-2/,2025-10-13T16:30:08Z,newsBTC,neutral,0.9894687533378601,0.0017115498194471002,0.9894687533378601,0.008819789625704288
Ethereum,The Big Bitcoin Short: Who profited $200 million shorting BTC just before Trump’s post?,Rumors of insider trading dominated social media throughout the weekend as one wallet banked generational wealth in a single trade. Bitcoin price fell rapidly after President Trump posted plans on Friday to impose 100% tariffs on all Chinese imports effective…,https://cryptoslate.com/the-big-bitcoin-short-who-shorted-btc-before-trumps-tariff-post-to-bank-200-million/,2025-10-13T16:25:53Z,CryptoSlate,positive,0.8516727685928345,0.14732500910758972,0.0010022394126281142,0.8516727685928345
Ethereum,"While Government Stalls, the White House Plots Its Crypto Move? US Crypto News",What is the biggest crypto news today? The White House has a candidate for the CFTC chair as the US faces record shutdown delays.,https://beincrypto.com/white-house-cftc-mike-selig-shutdown-us-crypto-news/,2025-10-13T16:14:56Z,BeInCrypto,positive,0.9841380715370178,0.014260848984122276,0.001601099269464612,0.9841380715370178
Ethereum,Institutions Restart Heavy Buying After the Weekend Crypto Crash,"While retailers remain weary of crypto following the weekend's market crash, these digital asset HODLers bought the dip.",https://beincrypto.com/institutions-restart-heavy-buying-after-the-weekend-crypto-crash/,2025-10-13T16:14:14Z,BeInCrypto,positive,0.9664654731750488,0.03182533010840416,0.0017091883346438408,0.9664654731750488
Ethereum,Crypto CEO Konstantin Galish mysterious death in his Lamborghini amid $30 million market crash: Who was he?,"A massive crypto liquidation event, exceeding $19 billion, occurred following US President Trump's announcement of tariffs on China. Amidst this market crash, Ukrainian crypto trader Konstantin Galish was found dead in his Lamborghini, with authorities invest…",https://economictimes.indiatimes.com/news/international/global-trends/crypto-ceo-konstantin-galish-mysterious-death-in-his-lamborghini-amid-30-million-market-crash-who-was-he/articleshow/124531655.cms,2025-10-13T16:10:13Z,The Times of India,positive,0.8510776162147522,0.13940952718257904,0.009512890130281448,0.8510776162147522
Ethereum,Bitcoin mining stocks rebound after Trump’s tariff threat sparked market turmoil,Analysts say confusion over China’s export rules briefly rattled markets before Bitcoin miners led a swift recovery on Monday.,https://cointelegraph.com/news/bitcoin-miners-rally-trump-china-tariff-fears,2025-10-13T16:09:32Z,Cointelegraph,positive,0.9998072981834412,2.144843529094942e-05,0.0001712453959044069,0.9998072981834412
Ethereum,"UK-Listed Smarter Web Company Buys $12.1M in Bitcoin, Lifts Holdings to 2,650 BTC","Smarter Web Company, the UK’s largest publicly traded Bitcoin holder, has purchased another 100 BTC valued at $12.1 million, paying an average price of...",https://cryptonews.com/news/uk-listed-smarter-web-company-buys-12-1m-in-bitcoin-lifts-holdings-to-2650-btc/,2025-10-13T15:38:04Z,Cryptonews,negative,0.999982476234436,0.999982476234436,1.5576957594021223e-05,1.8534567516326206e-06
Ethereum,"Crypto market crash: BTC, ETH, and altcoins plunge; billions lost in sudden weekend panic — Is this the beginning of a total market wipeout?","Crypto market crash rocks October 2025. Bitcoin, Ethereum, and top altcoins plunged billions in hours. The $20 billion wipeout shocked investors and highlighted extreme crypto volatility. Bitcoin fell from $126K to below $105K. Ethereum dropped nearly 11%. Ma…",https://economictimes.indiatimes.com/news/international/us/crypto-market-crash-october-2025-bitcoin-ethereum-and-altcoins-plunge-billions-lost-in-sudden-weekend-panic-is-this-the-beginning-of-a-total-market-wipeout-investors-scramble-as-market-volatility-hits-unprecedented-highs/articleshow/124528466.cms,2025-10-13T15:34:17Z,The Times of India,positive,0.9986935257911682,0.001158429542556405,0.00014804590318817645,0.9986935257911682
Ethereum,Altcoins surge back after crash — $130B added in 24 hours,"Market data shows a rapid rebound in capitalization and sentiment, with leading tokens posting double-digit gains and traders eyeing signs of an early altcoin revival.",https://ambcrypto.com/altcoins-surge-back-after-crash-130b-added-in-24-hours/,2025-10-13T15:30:05Z,Ambcrypto.com,neutral,1.0,3.1602982453193817e-09,1.0,1.28227757301147e-08
Ethereum,Bitcoin and Ethereum ETF Investments Have Already Topped 2024—Will It Last?,"tanked on Friday during tense trade talks between the U.S. and China.
and exchange-traded products pulled in $3.17 billion worth of funds last week before spot marketsBitcoin funds pulled in $2.6 billion and Ethereum funds saw $338 million worth of new deposi…",https://biztoc.com/x/64a69b404385f8d3,2025-10-13T15:05:20Z,Biztoc.com,negative,0.9998329877853394,0.9998329877853394,7.991763413883746e-05,8.69589057401754e-05
Ethereum,Trump’s tariff on China spurs record $10 billion volume for Bitcoin funds,"Crypto-based funds attracted $3.17 billion in new capital, even as markets reeled from tariff-related tensions between the United States and China, according to CoinShares weekly report. On Oct. 10, President Donald Trump announced that the US could raise tar…",https://cryptoslate.com/bitcoin-remains-king-with-2-67b-inflow-in-turbulent-market/,2025-10-13T15:00:33Z,CryptoSlate,negative,0.9341809749603271,0.9341809749603271,0.05676421895623207,0.00905479397624731
Ethereum,Tom Lee's BitMine Adds $838 Million More in Ethereum Amid Market Chaos,"Top publicly traded Ethereum treasury firm BitMine Immersion Technologies bought the crypto dip.
The Las Vegas-based firm added 202,037 ETH—about $838 million worth at the current price—bringing its total holdings to 3,032,188 ETH, valued at more than $12.5 b…",https://biztoc.com/x/cff461b780ac9676,2025-10-13T14:43:18Z,Biztoc.com,negative,0.9997304081916809,0.9997304081916809,0.00026833562878891826,1.21193795621366e-06
Ethereum,Derivatives Funding Rates Collapse to 2022 Lows as Billions Liquidated — Is Bitcoin Set to Rebound?,"Crypto derivatives funding rates plunged to their lowest levels since the 2022 bear market following the largest liquidation event in history, with Glassnode...",https://cryptonews.com/news/derivatives-funding-rates-collapse-to-2022-lows-as-billions-liquidated-is-bitcoin-set-to-rebound/,2025-10-13T14:33:22Z,Cryptonews,positive,0.9998819828033447,2.4765549824223854e-05,9.320652316091582e-05,0.9998819828033447
Ethereum,"In the AI era, Trump shows he still reigns supreme when it comes to moving markets","On Friday, President Trump reminded investors of some important facts: the trade war is still a risk and he's still the biggest market-moving force.",https://www.businessinsider.com/trump-tariffs-china-100-percent-stock-market-today-crypto-oil-2025-10,2025-10-13T14:27:25Z,Business Insider,positive,0.9999449253082275,5.356593101168983e-05,1.5523899037361844e-06,0.9999449253082275
Ethereum,Crypto markets rebound after $19 billion wipeout leaves traders reeling,"The crypto market bounced back on Monday, just days after traders experienced the worst crypto liquidation event in history. Bitcoin is up 3% over the past 24 hours to now near $115,00, according to data from Binance. Ethereum, the world’s second largest cryp…",https://biztoc.com/x/69eb8fd55c203837,2025-10-13T14:09:46Z,Biztoc.com,neutral,0.9950135350227356,0.0004788649966940284,0.9950135350227356,0.004507569130510092
Ethereum,BitMine’s Ethereum holdings top 3 million ETH after latest multi-million dollar purchase,"BitMine's total crypto and cash holdings have now hit $12.9 billion, and the company owns more than 2.5% of Ethereum’s circulating supply.",https://biztoc.com/x/ebfc281bb6434d19,2025-10-13T14:09:28Z,Biztoc.com,negative,0.9999001026153564,0.9999001026153564,9.653644519858062e-05,3.3852738852147013e-06
Ethereum,What Is Pepe Rider ($PERID)? The Degen Meme Token Fueling Ethereum’s Bull Run — Over $1 Million Raised in Presale,"DUBAI, UAE, Oct. 13, 2025 (GLOBE NEWSWIRE) -- As Ethereum smashes past $4,900 in 2025, the crypto market is heating up with strong belief that $ETH will climb even higher. At the center of this excitement is Pepe Rider ($PERID) — the meme token built to rewar…",https://www.globenewswire.com/news-release/2025/10/13/3165606/0/en/What-Is-Pepe-Rider-PERID-The-Degen-Meme-Token-Fueling-Ethereum-s-Bull-Run-Over-1-Million-Raised-in-Presale.html,2025-10-13T13:57:00Z,GlobeNewswire,neutral,0.9999817609786987,1.6837879229569808e-05,0.9999817609786987,1.4615050076827174e-06
Ethereum,"BofA hikes gold’s 2026 target to $5,000; sees silver testing $65 but with this caution","Bank of America has boosted its price targets for gold and silver. Gold is now projected to reach $5,000 per ounce by 2026. Silver's target is set at $65 per ounce. These forecasts are supported by fiscal deficits and a push for lower interest rates. Silver h…",https://economictimes.indiatimes.com/markets/commodities/news/bofa-hikes-golds-2026-target-to-5000-sees-silver-testing-65-but-with-this-caution/articleshow/124529215.cms,2025-10-13T13:51:36Z,The Times of India,neutral,0.999822199344635,0.00017721245239954442,0.999822199344635,5.373027534005814e-07
Ethereum,BitMine adds over 200K ETH in ‘aggressive’ post-crash weekend buying,"BitMine’s Tom Lee saw the market crash as a discount buying opportunity, acquiring over $827 million worth of Ether over the weekend.",https://cointelegraph.com/news/bitmine-acquires-2-5-eth-supply-aggressive-post-crash-buying,2025-10-13T13:49:14Z,Cointelegraph,neutral,0.9947772026062012,0.0027864244766533375,0.9947772026062012,0.0024364127311855555
Ethereum,"Tom Lee's Bitmine Bought the Dip, Adding Over 200K ETH to Ethereum Treasury","treasury company BitMine Technologies (BMNR) bought last week's dip in crypto prices, adding 202,037 tokens, $828 million at current prices, to its holdings, the firm reported on Monday.
""The crypto liquidation over the past few days created a price decline i…",https://biztoc.com/x/ad14409fffc4153b,2025-10-13T13:47:08Z,Biztoc.com,positive,0.9968041181564331,0.0021881661377847195,0.0010077200131490827,0.9968041181564331
Ethereum,Tom Lee’s BitMine surpasses 50% of its goal to hold 5% of the Ethereum supply,"BitMine's growing Ethereum control could influence market dynamics, potentially impacting Ethereum's price stability and investor strategies.
The post Tom Lee’s BitMine surpasses 50% of its goal to hold 5% of the Ethereum supply appeared first on Crypto Brief…",https://cryptobriefing.com/bitmine-ethereum-supply-holdings/,2025-10-13T13:30:51Z,Crypto Briefing,negative,0.9734255075454712,0.9734255075454712,0.006513143889605999,0.020061340183019638
Solana,CME Group launches CFTC-regulated Solana and XRP options,CME has added SOL and XRP to its crypto derivatives offerings. The regulated products allow traders to choose between micro and standard contracts. Contracts are “physically settled” into their corresponding futures. The Chicago Mercantile Exchange Group has …,https://coinjournal.net/news/cme-group-launches-cftc-regulated-solana-and-xrp-options-market/,2025-10-13T17:00:36Z,Coinjournal.net,negative,0.9999674558639526,0.9999674558639526,2.90492462227121e-05,3.4184351989097195e-06
Solana,"Price predictions 10/13: SPX, DXY, BTC, ETH, BNB, XRP, SOL, DOGE, ADA, HYPE","Bitcoin and the major altcoins witnessed solid buying at lower levels, but a sustained relief rally is unlikely as the bears are expected to sell at higher levels.",https://cointelegraph.com/news/price-predictions-10-13-spx-dxy-btc-eth-bnb-xrp-sol-doge-ada-hype,2025-10-13T16:57:00Z,Cointelegraph,neutral,0.9998241066932678,5.66131820960436e-05,0.9998241066932678,0.00011933777568629012
Solana,BNB Chain Launches $45M Airdrop to Support Memecoin Traders After Market Crash,"In a strategic effort to bolster its ecosystem, BNB Chain has announced a $45 million “Reload Airdrop” to support users affected by recent market instability...",https://www.coinspeaker.com/bnb-chain-launches-45m-airdrop-to-support-memecoin-traders-after-market-crash/,2025-10-13T16:40:03Z,Coinspeaker,neutral,0.9266296029090881,0.07326381653547287,0.9266296029090881,0.00010664646106306463
Solana,Solana DeFi giant Kamino boosts liquidity via Project 0 integration,Solana-based liquidity layer Kamino is integrating crypto prime broker Project 0 to unlock cross-margin lending using a single pool of credit.,https://biztoc.com/x/74cb154432462f3b,2025-10-13T16:11:31Z,Biztoc.com,neutral,0.9999974966049194,2.511891125323018e-06,0.9999974966049194,1.8211345320651162e-08
Solana,"Crypto market crash: BTC, ETH, and altcoins plunge; billions lost in sudden weekend panic — Is this the beginning of a total market wipeout?","Crypto market crash rocks October 2025. Bitcoin, Ethereum, and top altcoins plunged billions in hours. The $20 billion wipeout shocked investors and highlighted extreme crypto volatility. Bitcoin fell from $126K to below $105K. Ethereum dropped nearly 11%. Ma…",https://economictimes.indiatimes.com/news/international/us/crypto-market-crash-october-2025-bitcoin-ethereum-and-altcoins-plunge-billions-lost-in-sudden-weekend-panic-is-this-the-beginning-of-a-total-market-wipeout-investors-scramble-as-market-volatility-hits-unprecedented-highs/articleshow/124528466.cms,2025-10-13T15:34:17Z,The Times of India,positive,0.9986935257911682,0.001158429542556405,0.00014804590318817645,0.9986935257911682
Solana,Altcoins surge back after crash — $130B added in 24 hours,"Market data shows a rapid rebound in capitalization and sentiment, with leading tokens posting double-digit gains and traders eyeing signs of an early altcoin revival.",https://ambcrypto.com/altcoins-surge-back-after-crash-130b-added-in-24-hours/,2025-10-13T15:30:05Z,Ambcrypto.com,neutral,1.0,3.1602982453193817e-09,1.0,1.28227757301147e-08
Solana,$HYPER Buyers Lose Nothing in $19B Crash: Raises $23.3M in Record Time,"Quick Facts: 1️⃣ Bitcoin, while secure and decentralized, struggles with slow transaction speeds and high fees, limiting its use for everyday transactions. 2️⃣ Bitcoin Hyper ($HYPER) is a new Layer-2 network that aims to solve Bitcoin’s problems by providing …",https://bitcoinist.com/bitcoin-hyper-layer-2-raises-23-3m-as-buyers-lost-nothing-in-crash/,2025-10-13T15:20:08Z,Bitcoinist,positive,0.9584757089614868,0.03585329279303551,0.00567107368260622,0.9584757089614868
Solana,Binance Reimburses $283M After Market Crash and Asset Depegging Issues,"The exchange said it fully compensated users within 24 hours after USDe, BNSOL, and wBETH briefly depegged during Friday’s market turmoil.",https://decrypt.co/344026/binance-reimburses-283m-after-market-crash-and-asset-depegging-issues,2025-10-13T15:01:03Z,Decrypt,negative,0.9998425245285034,0.9998425245285034,1.2126792171329726e-05,0.00014527422899845988
Solana,Trump’s tariff on China spurs record $10 billion volume for Bitcoin funds,"Crypto-based funds attracted $3.17 billion in new capital, even as markets reeled from tariff-related tensions between the United States and China, according to CoinShares weekly report. On Oct. 10, President Donald Trump announced that the US could raise tar…",https://cryptoslate.com/bitcoin-remains-king-with-2-67b-inflow-in-turbulent-market/,2025-10-13T15:00:33Z,CryptoSlate,negative,0.9341809749603271,0.9341809749603271,0.05676421895623207,0.00905479397624731
Solana,CME Group launches Solana and XRP futures options,"CME's launch of Solana and XRP futures options signals growing institutional crypto adoption, enhancing risk management and hedging strategies.
The post CME Group launches Solana and XRP futures options appeared first on Crypto Briefing.",https://cryptobriefing.com/cme-group-cftc-regulated-options-solana-xrp/,2025-10-13T14:09:39Z,Crypto Briefing,neutral,0.999651312828064,0.00034845431218855083,0.999651312828064,2.2138722499676078e-07
Solana,A state-backed crypto fund just made its first buy — and it wasn’t Bitcoin,"A sovereign crypto fund surprised markets by making its first investment in BNB, rather than Bitcoin. This is a big, bold move in Kazakhstan’s strategy.",https://cointelegraph.com/explained/state-backed-crypto-fund,2025-10-13T14:00:00Z,Cointelegraph,negative,0.5007556080818176,0.5007556080818176,0.4987645149230957,0.00047984818229451776
Solana,Final Flash Sale: Save up to $624 on your TechCrunch Disrupt 2025 pass — Ends Oct 17,"The final countdown to Disrupt 2025! Save up to $624 on your pass before prices rise Friday, October 17 at 11:59 p.m. PT. Join 10,000+ founders, investors, and operators for 200+ sessions, 250+ leaders, 300+ showcasing startups, and Startup Battlefield 200. R…",https://techcrunch.com/2025/10/13/final-flash-sale-save-up-to-624-on-your-techcrunch-disrupt-2025-pass-ends-friday/,2025-10-13T14:00:00Z,TechCrunch,negative,0.9939109086990356,0.9939109086990356,0.0060864766128361225,2.596796093712328e-06
Solana,Final flash sale: Save up to $624 on your TechCrunch Disrupt 2025 pass — ends October 17,"The final countdown to Disrupt 2025! Save up to $624 on your pass before prices rise Friday, October 17 at 11:59 p.m. PT. Join 10,000+ founders, investors, and operators for 200+ sessions, 250+ leaders, 300+ showcasing startups, and Startup Battlefield 200. R…",https://techcrunch.com/2025/10/13/final-flash-sale-save-up-to-624-on-your-techcrunch-disrupt-2025-pass-ends-october-17/,2025-10-13T14:00:00Z,TechCrunch,negative,0.994541347026825,0.994541347026825,0.005456095095723867,2.585387164799613e-06
Solana,Solana DEXs must focus on building resilient markets,"Solana DEX volumes crashed 65% as memecoin trading collapsed, exposing shallow liquidity pools. Building deep markets for Bitcoin and stablecoins ensures long-term survi",https://cointelegraph.com/news/solana-resilient-markets,2025-10-13T13:30:00Z,Cointelegraph,positive,0.8235830664634705,0.1754922717809677,0.0009246578556485474,0.8235830664634705
Solana,"BitMEX Launches Uptober Carnival: Win from a $1,000,000 Prize Pool","BitMEX announced today the launch of its Uptober Carnival, allowing traders to compete for their share of a 1,000,000 USDT prize pool and other rewards.",https://www.globenewswire.com/news-release/2025/10/13/3165571/0/en/BitMEX-Launches-Uptober-Carnival-Win-from-a-1-000-000-Prize-Pool.html,2025-10-13T13:15:00Z,GlobeNewswire,neutral,0.9892599582672119,0.010712115094065666,0.9892599582672119,2.793733074213378e-05
Solana,MMA.INC Updates on Revolutionary Crypto and Web3 Platform to Convert 700 Million Global MMA Fans to Participants,Highlights  MMA.INC’s platform enables the community to ‘Get Paid to Train’ through tokenized rewards and cryptocurrencyExpecting to release an MMA.INC......,https://www.globenewswire.com/news-release/2025/10/13/3165568/0/en/MMA-INC-Updates-on-Revolutionary-Crypto-and-Web3-Platform-to-Convert-700-Million-Global-MMA-Fans-to-Participants.html,2025-10-13T13:05:00Z,GlobeNewswire,neutral,0.5362880825996399,0.4636877179145813,0.5362880825996399,2.423425394226797e-05
Solana,These 3 Next 1000x Cryptos Could Outlast the Market as Tether CEO Backs Bitcoin’s Durability,"Quick Facts: 1️⃣ Tether CEO Paolo Ardoino reaffirmed that Bitcoin and gold will outlast every fiat currency, echoing Tether’s strategy of holding both as reserve assets. 2️⃣ $BTC is up 23% YTD and gold 55.95%, while the U.S. dollar index has fallen nearly 9%.…",https://bitcoinist.com/these-next-1000x-cryptos-smart-bet-tether-ceo-praises-bitcoin/,2025-10-13T13:03:55Z,Bitcoinist,negative,0.6056503653526306,0.6056503653526306,0.3922235667705536,0.0021260385401546955
Solana,Crypto Funds See $3.17B Weekly Inflows Despite US–China Tariff Turmoil,"Digital asset funds logged $3.17 billion in inflows last week, defying market turbulence triggered by renewed US–China tariff tensions. Key Takeaways...",https://cryptonews.com/news/crypto-funds-see-3-17b-weekly-inflows-despite-us-china-tariff-turmoil/,2025-10-13T12:20:03Z,Cryptonews,negative,0.9115372896194458,0.9115372896194458,0.06402203440666199,0.02444060891866684
Solana,Morning Minute: $19B Wiped Out in Crypto's Biggest Liquidation Ever,"Friday's crash, which saw billions of dollars in crypto liquidations, is now being chalked up to a misunderstanding between Trump and China.",https://decrypt.co/344038/morning-minute-19b-wiped-out-in-cryptos-biggest-liquidation-ever,2025-10-13T12:11:51Z,Decrypt,positive,0.999127209186554,0.000864441622979939,8.397842066187877e-06,0.999127209186554
Solana,Crypto trader bags $160 million profit as Trump’s market bloodbath wipes out billions - here's how he did it,Crypto market crash: A crypto whale made over 160 million dollars. This profit came from a massive short bet on Bitcoin and Ethereum. The bet was timed perfectly just before markets crashed. The crash followed a surprise tariff announcement by US President Do…,https://economictimes.indiatimes.com/news/international/us/crypto-trader-bags-160-million-profit-as-trumps-market-bloodbath-wipes-out-billions-heres-how-he-did-it/articleshow/124526058.cms,2025-10-13T12:04:43Z,The Times of India,positive,0.5790838003158569,0.1729026436805725,0.24801352620124817,0.5790838003158569
Solana,Most Coordinated Attack In Crypto History? What Led To $19 Billion In Losses As Bitcoin Price Crashed,"The biggest crypto market crash came and went over the weekend, but the effects still linger on. Bitcoin, Ethereum, and nearly every major digital asset suffered price crashes, and what began as a panic over former US President Donald Trump’s surprise 100% ta…",http://www.newsbtc.com/news/most-coordinated-crypto-attack/,2025-10-13T12:00:07Z,newsBTC,positive,0.9999957084655762,1.8273893829245935e-06,2.441614469717024e-06,0.9999957084655762
Solana,Unblock Your Savings: Why Blockchain Will Cut Your Cross-Border Transaction Fees by 30%,"Reduce your cross-border transaction fees by up to 30% with blockchain-powered payments. Learn how Wise, Revolut, and Ripple help freelancers, small businesses, and global payers save money and send funds faster.",https://www.ibtimes.com/unblock-your-savings-why-blockchain-will-cut-your-cross-border-transaction-fees-30-3786730,2025-10-13T11:56:25Z,International Business Times,neutral,0.9988237023353577,0.0011570235947147012,0.9988237023353577,1.933573184942361e-05
Solana,Centralized crypto exchanges underreport liquidations: Hyperliquid CEO,"Both Hyperliquid CEO Jeff Yan and CoinGlass warned that centralized exchanges, such as Binance’s current liquidation reporting system, likely underreport the actual number of liquidations.",https://cointelegraph.com/news/centralized-crypto-exchanges-undrerreport-liquidadations-even-100x-hyperliquid-ceo,2025-10-13T11:43:18Z,Cointelegraph,positive,0.9993367791175842,0.0006522717303596437,1.0893440048675984e-05,0.9993367791175842
Solana,"Kalshi is the early leader in prediction markets, but its rival Polymarket is worth nearly twice as much. Why?","Polymarket is a crypto-native company, which could put it in position for a windfall.",https://fortune.com/crypto/2025/10/13/kalshi-polymarket-valuation-crypto-token-premium-prediction-markets/,2025-10-13T11:27:01Z,Fortune,neutral,0.9948150515556335,0.0015217417385429144,0.9948150515556335,0.0036631140392273664
Solana,Digital asset funds pull in $3.17 billion even as AUM dips 7% on tariff scare last week: CoinShares,Friday saw a record daily trading volume of $15.3 billion.,https://blockspace.media/insight/digital-asset-funds-pull-in-3-17-billion-even-as-aum-dips-7-on-tariff-scare-last-week-coinshares/,2025-10-13T11:24:37Z,Blockspace.media,neutral,0.9999951124191284,7.932859489301336e-07,0.9999951124191284,4.031855951325269e-06
Tesla,How Thomson Reuters Became A Gen AI Powerhouse,"This edition of the Forbes CEO newsletter looks at how the company brought AI to its legal software platform, and how it plans to transform its other offerings.",https://www.forbes.com/sites/ceo/2025/10/13/how-thomson-reuters-became-a-gen-ai-powerhouse/,2025-10-13T16:43:16Z,Forbes,negative,0.9999819993972778,0.9999819993972778,1.7849406503955834e-05,9.404397616208371e-08
Tesla,BREAKING: President Trump Axes Chief Saboteur!,"President Trump has just ousted Sergio Gor, the man many believe to be the Hatchet Man behind the sabotage of the Trump/Musk relationship. Sergio Gor previously served as director of the Office of Presidential Personnel, controlling hiring and firing across t…",https://freerepublic.com/focus/f-news/4346116/posts,2025-10-13T16:38:24Z,Freerepublic.com,negative,0.9999566078186035,0.9999566078186035,4.266409177944297e-06,3.910497252945788e-05
Tesla,Taiwan Semi (TSM) is Going to $400,Top semi foundry is the backbone of the AI economy and makes NVIDIA magic possible,https://finance.yahoo.com/news/taiwan-semi-tsm-going-400-163200307.html,2025-10-13T16:32:00Z,Yahoo Entertainment,neutral,0.9481884241104126,0.05169586464762688,0.9481884241104126,0.00011574626842048019
Tesla,"Investors Purchased 33% of Single-Family Homes In Q2, Report Finds","Real estate investors made just over one-third of all single-family home purchases in Q2, according to the Q2 2025 Investor Pulse Report from BatchData and...",https://finance.yahoo.com/news/investors-purchased-33-single-family-163104147.html,2025-10-13T16:31:04Z,Yahoo Entertainment,negative,0.9999929666519165,0.9999929666519165,2.316105337740737e-06,4.806057404493913e-06
Tesla,Thousands of Tesla owners join class action lawsuit over ‘Full Self-Driving’ in Australia,"Thousands of Tesla owners have reportedly joined a class action lawsuit against the automaker in Australia over false claims about its ‘Full Self-Driving’ (FSD) package.



 more…",http://electrek.co/2025/10/13/thousands-of-tesla-owners-join-class-action-lawsuit-over-full-self-driving-in-australia/,2025-10-13T16:29:48Z,Electrek,positive,0.643441915512085,0.30991363525390625,0.04664446786046028,0.643441915512085
Tesla,"Tesla stock rebounds, EV maker announces Shanghai factory Q4 ramp up","rebounded on Monday along with the broader market as President Trump downplayed his recent tough talk on China. But Tesla is also making some waves in China.
As reported by Reuters, Tesla vice president Tao Lin posted on Weibo that Tesla's Shanghai gigafactor…",https://biztoc.com/x/0f3f1202b93bd067,2025-10-13T16:23:29Z,Biztoc.com,neutral,0.9686706066131592,0.009410840459167957,0.9686706066131592,0.02191857062280178
Tesla,"Tesla can't sell it's Cybertrucks, so Musk makes SpaceX and xAi buy them [Fail]","Tesla can't sell it's Cybertrucks, so Musk makes SpaceX and xAi buy them",https://www.fark.com/comments/13843336/Tesla-cant-sell-its-Cybertrucks-so-Musk-makes-SpaceX-xAi-buy-them,2025-10-13T16:05:03Z,Fark.com,negative,0.9979289770126343,0.9979289770126343,2.9904849725426175e-05,0.0020411121658980846
Tesla,"Lucid (LCID) trolls Tesla using Elon Musk’s AI to ask, ‘What’s the best luxury EV?’","Lucid Motors (LCID) took a jab at Tesla (TSLA), asking Elon Musk’s own AI to confirm which brand really has the best luxury EV.



 more…",http://electrek.co/2025/10/13/lucid-trolls-tesla-asks-elon-musks-ai-whats-the-best-luxury-ev/,2025-10-13T16:03:43Z,Electrek,negative,0.9999169111251831,0.9999169111251831,5.1203594921389595e-05,3.183089938829653e-05
Tesla,BlackRock CEO Larry Fink: Bitcoin and Crypto 'Serve Same Purpose as Gold',BlackRock’s CEO walked back 2017 comments on Bitcoin in a recent interview and said he now sees it as a legitimate alternative asset.,https://decrypt.co/344062/larry-fink-bitcoin-alternative-investment,2025-10-13T16:03:19Z,Decrypt,negative,0.9999858140945435,0.9999858140945435,4.878746949543711e-06,9.291137757827528e-06
Tesla,"US stock markets surged sharply today, reversing Friday’s massive loss: Dow, S&P 500, Nasdaq stage comeback as Trump tempers China tariff talk — top stock pick today","US stock markets surged Monday. The Dow jumped 574 points, rebounding from Friday’s 1.05% loss. The S&P 500 and Nasdaq gained 1.1% and 1.5%, recovering after Friday’s sharp declines of 0.8% and 1.7%. President Trump eased tariff fears on China. Tech stocks le…",https://economictimes.indiatimes.com/news/international/us/us-stock-markets-surged-sharply-today-reversing-fridays-massive-loss-dow-sp-500-nasdaq-stage-comeback-as-trump-tempers-china-tariff-talk-top-stock-pick-today/articleshow/124530996.cms,2025-10-13T15:59:30Z,The Times of India,neutral,0.9998297691345215,2.2524836822412908e-05,0.9998297691345215,0.0001476529723731801
Tesla,Elon Musk’s Boring Company Accused of Nearly 800 Environmental Violations on Las Vegas Project,"Nevada could’ve fined the company more than $3 million, but regulators are seeking a reduced penalty of $242,800, citing an “extraordinary number of violations.”",https://gizmodo.com/elon-musks-boring-company-accused-of-nearly-800-environmental-violations-on-las-vegas-project-2000671820,2025-10-13T15:15:01Z,Gizmodo.com,positive,0.9951825737953186,0.003582484321668744,0.001234913826920092,0.9951825737953186
Tesla,Air Serbia is Launching Flights Between Belgrade and Toronto,"Air Serbia is launching 2x weekly flights between Nikola Tesla Airport in Belgrade and Toronto Pearson International Airport in May 2026.
The post Air Serbia is Launching Flights Between Belgrade and Toronto appeared first on ATX Jetsetter.",https://atxjetsetter.com/post/air-serbia-is-launching-flights-between-belgrade-and-toronto/,2025-10-13T15:05:51Z,Atxjetsetter.com,negative,0.9999982118606567,0.9999982118606567,7.513082209698041e-07,1.1143395113322185e-06
Tesla,"Bloom Energy, USA Rare Earth, Broadcom, Tesla And Other Big Stocks Moving Higher On Monday","U.S. stocks were higher, with the Dow Jones index gaining around 500 points on Monday.
Shares of Bloom Energy Corporation (NYSE:BE) rose sharply during Monday's session after the company announced a $5 billion partnership with Brookfield Asset Management Inc.…",https://biztoc.com/x/51ecfe8095c49c37,2025-10-13T14:54:00Z,Biztoc.com,neutral,0.9997138381004333,0.00026909742155112326,0.9997138381004333,1.6999485524138436e-05
Tesla,Are Young Entrepreneurs Overhyped? 'The Press Loves To Sensationalize The Young Guys',"Teen entrepreneurs and business owners in their 20s are harder to find than entrepreneurs who are in their 30s, 40s, and 50s. However, this rarity has also...",https://finance.yahoo.com/news/young-entrepreneurs-overhyped-press-loves-144607213.html,2025-10-13T14:46:07Z,Yahoo Entertainment,positive,0.9914876222610474,0.008019553497433662,0.0004928402486257255,0.9914876222610474
Tesla,"Here are Monday's biggest analyst calls: Nvidia, Apple, Tesla, AMD, Estee Lauder, Oracle, Yelp & more","Access Denied
You don't have permission to access ""http://www.cnbc.com/2025/10/13/monday-stocks-from-analyst-calls-like-nvidia.html"" on this server.
Reference #18.c607d417.1760365894.aedfb453
https://errors.edgesuite.net/18.c607d417.1760365894.aedfb453",https://biztoc.com/x/334b74aa005227ed,2025-10-13T14:31:50Z,Biztoc.com,negative,0.9997885823249817,0.9997885823249817,0.00017441841191612184,3.709784505190328e-05
Tesla,"Um, Ok: Meek Mill Asks How He Can Get Promo Like D4vd For His Next Album",Meek says the darnest things..,https://hiphopwired.com/2868359/meek-mill-d4vd/,2025-10-13T14:30:42Z,Hip-Hop Wired,negative,0.9997959733009338,0.9997959733009338,8.112205978250131e-05,0.0001229153131134808
Tesla,US Probes Driver Assistance Software in 2.9 Million Tesla Vehicles Over Traffic Violations,The U.S. National Highway Traffic Safety Administration said on Thursday that it is opening an investigation into 2.88 million Tesla vehicles equipped with its Full Self-Driving system over more than 50 reports of traffic-safety violations and a series of cra…,https://www.insurancejournal.com/news/national/2025/10/13/843431.htm,2025-10-13T14:22:56Z,Insurance Journal,negative,0.784047544002533,0.784047544002533,0.0005334253655746579,0.21541905403137207
Tesla,Toyota’s best-selling car may finally go electric: Here’s our first look at the Corolla EV,"A fully electric Corolla? Toyota’s best-selling car of all time looks to be finally going electric after the automaker previewed the Corolla EV for the first time.



 more…",http://electrek.co/2025/10/13/toyotas-best-selling-car-electric/,2025-10-13T14:20:35Z,Electrek,negative,0.9782877564430237,0.9782877564430237,0.021700607612729073,1.1691223335219547e-05
Tesla,"As Tesla Kicks Off Cybertruck Sales in Qatar, Should You Buy, Sell, or Hold TSLA Stock?","Join Barchart Premier to get Screeners that run automatically with the results emailed to you!
FREE 30 Day Trial
- Market Pulse
- VolatilityVolume & Open InterestHorizontal StrategiesButterfly Strategies
-
- Market PulseResourcesEuropean FuturesEuropean Group…",https://biztoc.com/x/8fba9b8088e3fac5,2025-10-13T14:09:34Z,Biztoc.com,negative,0.9998618364334106,0.9998618364334106,0.0001357635046588257,2.3624136247235583e-06
Tesla,Tesla To $300? Here Are 10 Top Analyst Forecasts For Monday,"Top Wall Street analysts changed their outlook on these top names. For a complete view of all analyst rating changes, including upgrades and downgrades, please see our analyst ratings page.
Susquehanna raised GE Vernova Inc. (NYSE:GEV) price target from $736 …",https://biztoc.com/x/424fe49632100909,2025-10-13T13:58:13Z,Biztoc.com,negative,0.9898281097412109,0.9898281097412109,0.008095091208815575,0.0020769124384969473
Tesla,"Factbox-From OpenAI to Meta, firms channel billions into AI infrastructure as demand booms","The companies said OpenAI would design the chips, which Broadcom will develop and deploy starting in the second half of 2026.  AMD agreed to supply...",https://finance.yahoo.com/news/factbox-openai-meta-firms-channel-135446827.html,2025-10-13T13:54:46Z,Yahoo Entertainment,negative,0.9999659061431885,0.9999659061431885,2.3697104552411474e-05,1.0369473784521688e-05
Tesla,‘The Stella show’: the executive at the heart of BYD’s global push,Stella Li is steering the Chinese carmaker through price wars at home and tariffs abroad in its pursuit of EV dominance,https://www.irishtimes.com/business/2025/10/13/the-stella-show-the-executive-at-the-heart-of-byds-global-push/,2025-10-13T13:52:17Z,The Irish Times,negative,0.9127134680747986,0.9127134680747986,0.08668364584445953,0.0006029328797012568
Tesla,One of the Best Growth Stocks to Buy Now?,"Tesla Inc. (NASDAQ:TSLA) is one of the best growth stocks to buy now. On October 9, RBC Capital analyst Tom Narayan maintained a Buy rating on Tesla and set a price target of $500.00. This rating came ahead of the company’s Q3 2025 earnings report. As for Q2,…",https://biztoc.com/x/c5c31862904ef3ba,2025-10-13T13:47:56Z,Biztoc.com,neutral,0.9999986886978149,1.3083713383821305e-06,0.9999986886978149,3.1038911885161724e-08
NVIDIA,Dell Pro Max mini-PC announced for AI workloads with Nvidia GB10 SoC,Dell has unveiled its newest Pro Max mini-PC powered by Nvidia's GB10 chip. It comes with 128 GB of unified memory and 10 Gb/s Ethernet.,https://www.notebookcheck.net/Dell-Pro-Max-mini-PC-announced-for-AI-workloads-with-Nvidia-GB10-SoC.1137684.0.html,2025-10-13T17:01:00Z,Notebookcheck.net,negative,0.9998514652252197,0.9998514652252197,0.00013875500007998198,9.82397159532411e-06
NVIDIA,Heron Power Reinvents the Power Foundation for Gigascale AI,"Heron Power’s first product, the Heron Link, offers a simpler, more efficient, and denser power solution for 800V DC AI infrastructure. ......",https://www.globenewswire.com/news-release/2025/10/13/3165715/0/en/Heron-Power-Reinvents-the-Power-Foundation-for-Gigascale-AI.html,2025-10-13T17:00:00Z,GlobeNewswire,neutral,0.9951980710029602,0.00479526724666357,0.9951980710029602,6.656546247540973e-06
NVIDIA,Broadcom Stock Surges On OpenAI Chip Deal,"stock jumped on Monday after the fabless chipmaker announced a deal to supply AI processors for artificial intelligence leader OpenAI. Broadcom's deal follows similar OpenAI arrangements with chip rivals AMD (AMD) and Nvidia (NVDA).
Under their ""strategic col…",https://biztoc.com/x/64b005f45d0367a7,2025-10-13T16:56:28Z,Biztoc.com,neutral,0.9892918467521667,0.010702728293836117,0.9892918467521667,5.370512099034386e-06
NVIDIA,Breakout Watch: This AI-Fueled Palantir Peer And Nvidia Partner Is No Flake,"Hailing from the artificial intelligence-fueled enterprise software industry alongside Palantir Technologies (PLTR), Snowflake (SNOW) sports a powerhouse partner network that includes Nvidia (NVDA), Microsoft (MSFT) and Amazon.com (AMZN) through its Amazon We…",https://biztoc.com/x/99ad2bb96d47f48d,2025-10-13T16:56:24Z,Biztoc.com,negative,0.9600582718849182,0.9600582718849182,0.017333030700683594,0.022608710452914238
NVIDIA,Did AMD Just Say Checkmate to Nvidia?,,https://biztoc.com/x/9680a6e7124f4a2e,2025-10-13T16:55:57Z,Biztoc.com,negative,0.999988317489624,0.999988317489624,4.069469014211791e-06,7.57729003453278e-06
NVIDIA,Broadcom Stock Surges On OpenAI Chip Deal - Investor's Business Daily,"Broadcom Stock Surges On OpenAI Chip DealInvestor's Business Daily Broadcom stock pops 9% on OpenAI custom chip deal, adding to Nvidia and AMD agreementsCNBC OpenAI and Broadcom announce strategic collaboration to deploy 10 gigawatts of OpenAI-designed AI acc…",https://slashdot.org/firehose.pl?op=view&amp;id=179771466,2025-10-13T16:52:41Z,Slashdot.org,neutral,0.9979619979858398,0.002036827616393566,0.9979619979858398,1.1668823844956933e-06
NVIDIA,"The Acer Predator Helios Neo 16S AI wants to do it all, and it just might | Review",The Acer Predator Helios Neo 16S AI is an easy recommendation for anyone after an RTX 5070 Ti rig that wants to do it all.,https://www.gamesradar.com/hardware/laptops/acer-predator-helios-neo-16s-ai-review/,2025-10-13T16:32:37Z,GamesRadar+,negative,0.7123122811317444,0.7123122811317444,0.2865934371948242,0.0010943264933302999
NVIDIA,Taiwan Semi (TSM) is Going to $400,Top semi foundry is the backbone of the AI economy and makes NVIDIA magic possible,https://finance.yahoo.com/news/taiwan-semi-tsm-going-400-163200307.html,2025-10-13T16:32:00Z,Yahoo Entertainment,neutral,0.9481884241104126,0.05169586464762688,0.9481884241104126,0.00011574626842048019
NVIDIA,"Investors Purchased 33% of Single-Family Homes In Q2, Report Finds","Real estate investors made just over one-third of all single-family home purchases in Q2, according to the Q2 2025 Investor Pulse Report from BatchData and...",https://finance.yahoo.com/news/investors-purchased-33-single-family-163104147.html,2025-10-13T16:31:04Z,Yahoo Entertainment,negative,0.9999929666519165,0.9999929666519165,2.316105337740737e-06,4.806057404493913e-06
NVIDIA,Broadcom cozies up to OpenAI for 10 GW custom chip love-in,"Every human deserves their own accelerator, says ChatGPT creator Broadcom has cuddled up with OpenAI as the ChatGPT outfit looks for ever more help building out the vast infrastructure it needs to deliver on its dreams of advanced intelligence – and possibly …",https://www.theregister.com/2025/10/13/openai_broadcom_deal/,2025-10-13T16:29:26Z,Theregister.com,neutral,0.8120575547218323,0.18788109719753265,0.8120575547218323,6.134046270744875e-05
NVIDIA,"Chip Stocks Drop AMD, Nvidia, and Intel Sink After China Restricts Rare Earth Exports",Investors worry supply controls could disrupt chip production and raise costs,https://finance.yahoo.com/news/chip-stocks-drop-amd-nvidia-162700237.html,2025-10-13T16:27:00Z,Yahoo Entertainment,positive,0.999994158744812,7.033890483398864e-07,5.196286110731307e-06,0.999994158744812
NVIDIA,Walmart Deals of the Day: Game on the Go With a $699 Acer Nitro V16 Laptop,"Plus, over $50 off Beats' sporty Fit Pro earbuds and a budget-friendly Anker robot vacuum that's on sale for just $149.",https://www.cnet.com/deals/walmart-deals-of-the-day-october-13/,2025-10-13T16:26:00Z,CNET,negative,0.6674562096595764,0.6674562096595764,0.3324901759624481,5.3611765906680375e-05
NVIDIA,'Very troubling': AI's self-investment spree sets off bubble alarms on Wall Street,"The companies at the center of the artificial intelligence boom are investing billions of dollars in each other — and analysts say that the increasing entanglement is adding to risk of an AI bubble.
Nvidia (NVDA) in late September said it would invest up to $…",https://biztoc.com/x/a80d5405340b537f,2025-10-13T16:22:48Z,Biztoc.com,negative,0.9816473126411438,0.9816473126411438,0.004099258687347174,0.014253394678235054
NVIDIA,"Cloudflare (NET) Stock Trades Up, Here Is Why",Shares of cloud security and performance company Cloudflare (NYSE:NET) jumped 3.5% in the afternoon session after the company announced a partnership with...,https://finance.yahoo.com/news/cloudflare-net-stock-trades-why-162126386.html,2025-10-13T16:21:26Z,Yahoo Entertainment,neutral,0.9999353885650635,5.98962651565671e-05,0.9999353885650635,4.726682618638733e-06
NVIDIA,An RTX 5070 under $500? I'm not planning to wait for Black Friday with a discount this rare,"MSI's custom spin on the NVIDIA GeForce RTX 5070 is at a rare low discount on Amazon, making Black Friday somewhat redundant.",https://www.gamesradar.com/hardware/desktop-pc/an-rtx-5070-under-usd500-im-not-planning-to-wait-for-black-friday-with-a-discount-this-rare/,2025-10-13T16:20:40Z,GamesRadar+,negative,0.9994613528251648,0.9994613528251648,0.000431388383731246,0.00010727276821853593
NVIDIA,Improve Variant Calling Accuracy with NVIDIA Parabricks,"Built for data scientists and bioinformaticians, NVIDIA Parabricks is a scalable genomics software suite for secondary analysis. Providing GPU-accelerated...",https://developer.nvidia.com/blog/improve-variant-calling-accuracy-with-nvidia-parabricks/,2025-10-13T16:18:23Z,Nvidia.com,neutral,0.9999979734420776,1.8441919564793352e-06,0.9999979734420776,2.632810947034159e-07
NVIDIA,Intel’s Former CEO Pat Gelsinger Warns That Money From the U.S. and NVIDIA Won’t Matter If It Doesn’t “Fill the Fabs” — A Goal Still Unmet,"Intel's former CEO, Pat Gelsinger, has given his verdict on the recent equity deals made by Team Blue, and he claims that importance must be given to enabling manufacturing ambitions. Intel's Recent Deals With NVIDIA & the US Administration Don't Discuss Foun…",https://wccftech.com/intels-former-ceo-warns-that-money-from-the-us-and-nvidia-wont-matter-if-it-doesnt-fill-the-fabs/,2025-10-13T16:14:54Z,Wccftech,negative,0.8886094093322754,0.8886094093322754,0.00032971223117783666,0.11106076836585999
NVIDIA,Can NVDA Still Be a $300 Stock If Nvidia Loses Its Monopoly in AI GPUs?,,https://biztoc.com/x/6b151ac87eb2dc64,2025-10-13T16:11:17Z,Biztoc.com,positive,0.990418016910553,0.009311662055552006,0.0002702524943742901,0.990418016910553
NVIDIA,AI fever fuels Bloom Energy’s 25% surge after Brookfield strikes game-changing data center deal,"Bloom Energy shares jumped after a $5 billion deal with Brookfield to power AI data centers. The companies will build “AI factories” using fuel cells that work off the electric grid. This will help AI companies get fast, reliable power while avoiding higher e…",https://economictimes.indiatimes.com/news/international/us/ai-fever-fuels-bloom-energys-25-surge-after-brookfield-strikes-game-changing-data-center-deal/articleshow/124528585.cms,2025-10-13T16:09:47Z,The Times of India,neutral,0.999997615814209,2.2045594505470945e-06,0.999997615814209,2.0064385353180114e-07
NVIDIA,OpenAI-Broadcom agreement sends shares of chipmaker soaring,"OpenAI, the creator of ChatGPT, has inked a number of blockbuster deals this year, aiming to ease constraints on computing power.",https://fortune.com/2025/10/13/openai-broadcom-chipmaker-artificial-intelligence-data-center/,2025-10-13T16:08:52Z,Fortune,neutral,0.9907509684562683,0.009195131249725819,0.9907509684562683,5.393696847022511e-05
NVIDIA,Your business tax stack is talking to your finance stack. Are you listening?,"Anrok reports that integrating tax and finance technology is essential for businesses to improve compliance, reduce errors, and enhance forecasting.",https://www.anrok.com/resources/importance-of-a-unified-tax-and-finance-tech-stack,2025-10-13T16:00:06Z,Anrok.com,negative,0.9822377562522888,0.9822377562522888,0.01509654801338911,0.00266569247469306
NVIDIA,"US stock markets surged sharply today, reversing Friday’s massive loss: Dow, S&P 500, Nasdaq stage comeback as Trump tempers China tariff talk — top stock pick today","US stock markets surged Monday. The Dow jumped 574 points, rebounding from Friday’s 1.05% loss. The S&P 500 and Nasdaq gained 1.1% and 1.5%, recovering after Friday’s sharp declines of 0.8% and 1.7%. President Trump eased tariff fears on China. Tech stocks le…",https://economictimes.indiatimes.com/news/international/us/us-stock-markets-surged-sharply-today-reversing-fridays-massive-loss-dow-sp-500-nasdaq-stage-comeback-as-trump-tempers-china-tariff-talk-top-stock-pick-today/articleshow/124530996.cms,2025-10-13T15:59:30Z,The Times of India,neutral,0.9998297691345215,2.2524836822412908e-05,0.9998297691345215,0.0001476529723731801
NVIDIA,Former Apple CEO says ‘AI has not been a particular strength’ for the tech giant and warns it has its first major competitor in decades,"John Sculley suggested CEO Tim Cook’s successor should focus less on apps, and more on agentic AI to compete with OpenAI.",https://finance.yahoo.com/news/former-apple-ceo-says-ai-155641198.html,2025-10-13T15:56:41Z,Yahoo Entertainment,negative,0.9863156676292419,0.9863156676292419,0.00036488930345512927,0.013319527730345726
Amazon,Champions League to feature opening game for titleholder and streaming deal from 2027,The Champions League titleholder will play a showcase opening home game as part of new commercial deals for UEFA club competitions from the 2027-28 season,https://abcnews.go.com/Business/wireStory/champions-league-feature-opening-game-titleholder-streaming-deal-126484145,2025-10-13T17:02:42Z,ABC News,negative,0.9999319314956665,0.9999319314956665,6.640932406298816e-05,1.658477344790299e-06
Amazon,Grab one of the best maxed-out Mac mini deals we’ve ever seen,"Macworld







The only thing we love more than the Mac mini is a great deal on one—especially the high-priced M4 Pro model. So this one caught our eye: Today at Amazon, you can get an M4 Pro Mac mini with 512GB of storage and 24GB of RAM for just $1,200, a…",https://www.macworld.com/article/2939561/grab-one-of-the-best-maxed-out-mac-mini-deals-weve-ever-seen.html,2025-10-13T17:02:42Z,Macworld,neutral,0.9271077513694763,0.07264293730258942,0.9271077513694763,0.0002493543433956802
Amazon,Are You Doing Better Than Most? Hitting Even 1 of These 3 Money Benchmarks Means You're In The Top 50%,"If you've ever wondered whether you're doing ""okay"" financially, here's a quick litmus test: if you meet even one of these three money benchmarks...",https://finance.yahoo.com/news/doing-better-most-hitting-even-170120121.html,2025-10-13T17:01:20Z,Yahoo Entertainment,neutral,0.9868685603141785,0.012747257016599178,0.9868685603141785,0.00038414751179516315
Amazon,Beatbot AquaSense 2 Ultra review: A robotic pool cleaner like no other,"TechHive Editors Choice

At a glance
Expert's Rating


Pros

<ul>
<li>Impressive cleaning capabilities</li>



<li>Epic battery life</li>



<li>Easy waterline retrieval means you can put the pole away for good</li>



<li>Endless configuration options av…",https://www.pcworld.com/article/2935539/beatbot-aquasense-2-ultra-review.html,2025-10-13T17:00:00Z,PCWorld,negative,0.9997977614402771,0.9997977614402771,0.00019706539751496166,5.211244115344016e-06
Amazon,"Diane Keaton Movies Streaming on Amazon Prime, HBO Max, Disney+ and More","Here's how to honor the late, great Keaton this week.",https://decider.com/2025/10/13/diane-keaton-movies-streaming-free-netflix-amazon-prime/,2025-10-13T17:00:00Z,Decider,negative,0.922457218170166,0.922457218170166,0.07751580327749252,2.706600571400486e-05
Amazon,Can M. Night Shyamalan’s ‘Magic 8 Ball’ Series Surprise the Way Mattel’s ‘Barbie’ Did? ‘Reply Hazy’,"""Glee"" and ""American Horror Story"" writer Brad Falchuk is serving as showrunner for the ""high concept, character-driven supernatural drama.""",https://www.indiewire.com/news/breaking-news/m-night-shyamalans-magic-8-ball-series-mattel-barbie-1235155606/,2025-10-13T17:00:00Z,IndieWire,negative,0.9999850988388062,0.9999850988388062,1.3536745427700225e-05,1.3081913721180172e-06
Amazon,4-Oz Hu Organic Chocolate-Covered Hunks Cashews $6.97 + Free Shipping w/ Prime or on $35+ (0 replies),Amazon [amazon.com] has 4-Oz Hu Organic Chocolate-Covered Hunks Cashews w/ Vanilla Bean for $6.97. Shipping is free w/ Prime or on $35+.,https://slickdeals.net/f/18696874-4-oz-hu-organic-chocolate-covered-hunks-cashews-6-97-free-shipping-w-prime-or-on-35,2025-10-13T16:58:30Z,Slickdeals.net,negative,0.9999969005584717,0.9999969005584717,2.868968749680789e-06,2.381065371537261e-07
Amazon,iPhone Air pre-orders to begin in China after carriers approved for eSIM services,"Apple's ultra-thin iPhone Air will be available for pre-order in China later this week, following regulatory approval for eSIM services from…
The post iPhone Air pre-orders to begin in China after carriers approved for eSIM services appeared first on MacDaily…",https://macdailynews.com/2025/10/13/iphone-air-pre-orders-to-begin-in-china-after-carriers-approved-for-esim-services/,2025-10-13T16:58:05Z,Macdailynews.com,negative,0.9372714161872864,0.9372714161872864,0.06256549060344696,0.00016315322136506438
Amazon,"Camplux’s 8-gallon mini under-sink electric water heater back at $208 low (Reg. $260), more from $136","Looking in on its official Amazon storefront, Camplux is offering some good savings on under-sink and floor/wall mountable electric water heaters, with the 8-Gallon Mini Electric Water Heater standing atop the hill at $207.99 shipped. Normally $260 at full pr…",http://9to5toys.com/2025/10/13/camplux-8-gallon-mini-electric-water-heater-208-low-more/,2025-10-13T16:58:04Z,9to5Toys,neutral,0.9999620914459229,3.518300218274817e-05,0.9999620914459229,2.785718152154004e-06
Amazon,Breakout Watch: This AI-Fueled Palantir Peer And Nvidia Partner Is No Flake,"Hailing from the artificial intelligence-fueled enterprise software industry alongside Palantir Technologies (PLTR), Snowflake (SNOW) sports a powerhouse partner network that includes Nvidia (NVDA), Microsoft (MSFT) and Amazon.com (AMZN) through its Amazon We…",https://biztoc.com/x/99ad2bb96d47f48d,2025-10-13T16:56:24Z,Biztoc.com,negative,0.9600582718849182,0.9600582718849182,0.017333030700683594,0.022608710452914238
Amazon,Tested: Spigen’s WBF1 Apple Watch strap is a solid Alpine Loop knock-off you can grab for $25,"I love Apple’s Alpine Loop, and always have. It is my go-to sporty-style strap, but every time I want a new color I need to be willing to drop $99 for one, and I don’t particularly love that. Let’s a take a closer look at Spigen’s new knock-off Alpine Loop yo…",http://9to5toys.com/2025/10/13/tested-spigens-wbf1-apple-watch-strap-is-a-solid-alpine-loop-knock-off-you-can-grab-for-25/,2025-10-13T16:55:39Z,9to5Toys,negative,0.9992513060569763,0.9992513060569763,0.00037080858601257205,0.0003778507234528661
Amazon,"Woot: Calmbee Hybrid Active Noise Cancelling Wireless Bluetooth Headphones $14.99 (Reg $49.99, ~70% Off) + FS w/ Prime","* *Calmbee Hybrid Active Noise Cancelling Wireless Bluetooth Over Ear Headphones [woot.com]* – $14.99 (was $49.99) ~70% off 
 
 
Notes: 
* Free Standard shipping for Amazon Prime members.",https://slickdeals.net/f/18696865-woot-calmbee-hybrid-active-noise-cancelling-wireless-bluetooth-headphones-14-99-reg-49-99-70-off-fs-w-prime,2025-10-13T16:53:55Z,Slickdeals.net,negative,0.999937891960144,0.999937891960144,5.647488433169201e-05,5.6345197663176805e-06
Amazon,"Woot: Various Drill Bits (Century, Milwaukee, DEWALT, Artu) from $3.97 + FS w/ Prime","Free shipping for Amazon Prime members. 
 
Auger Bits[list][*]*Century 38632 1/2 by 6"" Speed Auger Bit [woot.com]* – $3.97 (was $14.99) ~74% off[*]*Century 38664 1x6"" Speed Auger Bit [woot.com]* –...",https://slickdeals.net/f/18696853-woot-various-drill-bits-century-milwaukee-dewalt-artu-from-3-97-fs-w-prime,2025-10-13T16:51:58Z,Slickdeals.net,negative,0.9999918937683105,0.9999918937683105,4.441053988557542e-06,3.651153974715271e-06
Amazon,Baseus launches new EnerGeek GX11 4G MiFi power bank with integrated cable and 4G connectivity,"Baseus has unveiled a new EnerGeek GX11 4G MiFi power bank with a detachable USB-C cable and integrated 4G connectivity. The portable charging accessory can be used to charge three devices simultaneously with 67 W fast-charging capability. On top of that, it …",https://www.notebookcheck.net/Baseus-launches-new-EnerGeek-GX11-4G-MiFi-power-bank-with-integrated-cable-and-4G-connectivity.1137484.0.html,2025-10-13T16:48:00Z,Notebookcheck.net,negative,0.626634418964386,0.626634418964386,0.3731585443019867,0.0002070874470518902
Amazon,"Cuisinart Coffee Plus 12-Cups Automatic Drip Coffee Maker, Black (CHW-16) $69.99 + Free Shipping","Amazon [amazon.com] has *Cuisinart Coffee Plus 12-Cups Automatic Drip Coffee Maker, Black (CHW-16)* for *$69.99*. *Shipping is free*. 
 
Macy's [macys.com] also has *Cuisinart Coffee Plus 12-Cups...",https://slickdeals.net/f/18696838-cuisinart-coffee-plus-12-cups-automatic-drip-coffee-maker-black-chw-16-69-99-free-shipping,2025-10-13T16:47:54Z,Slickdeals.net,negative,0.9996466636657715,0.9996466636657715,0.0003491066163405776,4.190018444205634e-06
Amazon,Neil Young slammed as a ‘has been’ on social media for taking music off Amazon over Trump,"Neil Young plans to scrap his entire music catalogue from Amazon, because he believes founder Jeff Bezos backs President Trump.",https://nypost.com/2025/10/13/entertainment/neil-young-slammed-on-social-media-for-taking-music-off-amazon-over-trump-a-has-been/,2025-10-13T16:43:30Z,New York Post,negative,0.9999513626098633,0.9999513626098633,3.1086571539162833e-07,4.8276011511916295e-05
Amazon,"Portugal v Hungary – Line-ups, stats and preview",Portugal are just one victory away from confirming their place at the 2026 World Cup as they host Hungary at the Estadio Jose Alvalade on Tuesday evening.,https://www.101greatgoals.com/betting-tips/portugal-v-hungary-line-ups-stats-preview/,2025-10-13T16:40:53Z,101 Great Goals,negative,0.9999841451644897,0.9999841451644897,1.2457238881324884e-05,3.3854971661639865e-06
Amazon,"Apple TV+ Rebranded As Apple TV, F1 Movie Streaming Release Date Announced","In a strange move today, Apple has rebranded its paid Apple TV+ subscription service to simply Apple TV. As you may know, Apple already has a set-top box hardware named Apple TV and so it seems Apple is about rebrand that as well sometime this week?
The post …",https://www.redmondpie.com/apple-tv-rebranded-as-apple-tv-f1-movie-streaming-release-date-announced/,2025-10-13T16:39:51Z,redmondpie.com,negative,0.9999872446060181,0.9999872446060181,1.1512102901178878e-05,1.148813225881895e-06
Amazon,"Lysol Disinfecting Wipes Bundle, 4 ct – $8 (reg. $15)","Amazon has the  Lysol Disinfecting Wipes Bundle, Home Apartment Dorm Room Essentials and Cleaning Supplies, All Purpose Cleaner, Multi-surface Cleaning Wipes, Multi-Scent Sanitizing Wipes Bundle, 80 Count (4pk) on sale for $8.07 with subscribe and save (5+ or…",https://queenbeetoday.com/lysol-disinfecting-wipes-bundle-4-ct/,2025-10-13T16:37:16Z,Queenbeetoday.com,negative,0.9999983310699463,0.9999983310699463,1.228364681082894e-06,4.939427640238137e-07
Amazon,"Act fast, Amazon Lightning deal takes these polo sweaters as low as $20 each (Reg. $35)","COOFANDY Long Sleeve Polo Sweater



Buy for $20 (Reg. $35)














What we love




This sleek-looking sweater is now up for grabs for as little as $20 Prime shipped. If you like this look, don’t wait long, because these are part of a Lightning deal…",http://9to5toys.com/2025/10/13/coofandy-long-sleeve-polo-sweater/,2025-10-13T16:35:00Z,9to5Toys,negative,0.9859604835510254,0.9859604835510254,0.01295920368283987,0.0010802936740219593
Amazon,Taiwan Semi (TSM) is Going to $400,Top semi foundry is the backbone of the AI economy and makes NVIDIA magic possible,https://finance.yahoo.com/news/taiwan-semi-tsm-going-400-163200307.html,2025-10-13T16:32:00Z,Yahoo Entertainment,neutral,0.9481884241104126,0.05169586464762688,0.9481884241104126,0.00011574626842048019
Amazon,Stanley Quencher H2.0 Tumbler with Handle and Straw 40 oz in Fuchsia – Just $27.00!,Does a deal on a new Stanley tumbler sound like a good way to stay hydrated this fall? Or maybe this would be a fun addition to the gift closet? This color is awesome! Check out this deal! Get on over to Amazon and get Stanley Quencher H2.0 Tumbler wi...,https://www.commonsensewithmoney.com/stanley-quencher-h2-0-tumbler-handle-straw-40-oz-fuchsia-just-27-00-3/,2025-10-13T16:30:28Z,Commonsensewithmoney.com,negative,0.9996320009231567,0.9996320009231567,0.00030218932079151273,6.576686428161338e-05
Amazon,New World DLC Rise of the Angry Earth Is Now Bundled with the Base Game to Celebrate Season 10 Launch,"Today, alongside the launch of Season 10: Nighthaven, Amazon Games announced that the New World DLC Rise of the Angry Earth is now free for all players. Rise of the Angry Earth originally launched in October 2023 and has remained priced at $29.99, save for di…",https://wccftech.com/new-world-dlc-rise-of-the-angry-earth-now-bundled-base-game/,2025-10-13T16:30:00Z,Wccftech,negative,0.9996711015701294,0.9996711015701294,0.0002781743532977998,5.082461575511843e-05
Microsoft,xemu-perf-tester 0.2.5,Benchmark orchestrator for the xemu original Microsoft Xbox emulator,https://pypi.org/project/xemu-perf-tester/0.2.5/,2025-10-13T17:01:13Z,Pypi.org,negative,0.9999918937683105,0.9999918937683105,3.826095507974969e-06,4.343666660133749e-06
Microsoft,Microsoft Tightens IE Mode After Hackers Exploit Internet Explorer Bugs Again,"Although Internet Explorer was officially retired in 2022, it lives on in the Edge browser for those with older websites. It's also an easy target for hackers.
Don't miss out on our latest stories. Add PCMag as a preferred source on Google.Microsoft officiall…",https://me.pcmag.com/en/browsers/32861/microsoft-tightens-ie-mode-after-hackers-exploit-internet-explorer-bugs-again,2025-10-13T17:00:22Z,PCMag.com,negative,0.9694008827209473,0.9694008827209473,0.02836518920958042,0.0022339499555528164
Microsoft,Breakout Watch: This AI-Fueled Palantir Peer And Nvidia Partner Is No Flake,"Hailing from the artificial intelligence-fueled enterprise software industry alongside Palantir Technologies (PLTR), Snowflake (SNOW) sports a powerhouse partner network that includes Nvidia (NVDA), Microsoft (MSFT) and Amazon.com (AMZN) through its Amazon We…",https://biztoc.com/x/99ad2bb96d47f48d,2025-10-13T16:56:24Z,Biztoc.com,negative,0.9600582718849182,0.9600582718849182,0.017333030700683594,0.022608710452914238
Microsoft,Install (25H2),"You can clean install Windows 11 on a PC in various ways, each of which is covered in this chapter. How you do so will depend on your needs and your situation.
 You bought a new PC. Skip ahead to the section Windows Setup Out of Box Experience.
 You built a P…",https://www.thurrott.com/books/windows-11-field-guide/install-windows-11/328280/install-25h2,2025-10-13T16:49:05Z,Thurrott.com,negative,0.9999949932098389,0.9999949932098389,7.163829423006973e-07,4.2694873627624474e-06
Microsoft,"Apple TV+ Rebranded As Apple TV, F1 Movie Streaming Release Date Announced","In a strange move today, Apple has rebranded its paid Apple TV+ subscription service to simply Apple TV. As you may know, Apple already has a set-top box hardware named Apple TV and so it seems Apple is about rebrand that as well sometime this week?
The post …",https://www.redmondpie.com/apple-tv-rebranded-as-apple-tv-f1-movie-streaming-release-date-announced/,2025-10-13T16:39:51Z,redmondpie.com,negative,0.9999872446060181,0.9999872446060181,1.1512102901178878e-05,1.148813225881895e-06
Microsoft,"Yes, Microsoft Offers Free Windows 11 Upgrade—Check Your PC Now",Check your PC now and download the update as soon as you can.,https://www.forbes.com/sites/zakdoffman/2025/10/13/yes-microsoft-offers-free-windows-11-upgrade-check-your-pc-now/,2025-10-13T16:34:45Z,Forbes,negative,0.9998090863227844,0.9998090863227844,0.00014798104530200362,4.2895611841231585e-05
Microsoft,Taiwan Semi (TSM) is Going to $400,Top semi foundry is the backbone of the AI economy and makes NVIDIA magic possible,https://finance.yahoo.com/news/taiwan-semi-tsm-going-400-163200307.html,2025-10-13T16:32:00Z,Yahoo Entertainment,neutral,0.9481884241104126,0.05169586464762688,0.9481884241104126,0.00011574626842048019
Microsoft,'Very troubling': AI's self-investment spree sets off bubble alarms on Wall Street,The companies at the center of the artificial intelligence boom are increasingly investing billions of dollars in each other — and analysts say that the...,https://finance.yahoo.com/news/very-troubling-ais-self-investment-spree-sets-off-bubble-alarms-on-wall-street-160524518.html,2025-10-13T16:05:24Z,Yahoo Entertainment,neutral,0.4848600924015045,0.2536165714263916,0.4848600924015045,0.26152336597442627
Microsoft,Windows 11 is great on paper — so why does everyone hate it?,"It's not bad. It's just not great, and I don't want to use it.",https://www.makeuseof.com/windows-11-is-great-on-paper-so-why-does-everyone-hate-it/,2025-10-13T16:00:16Z,MakeUseOf,negative,0.7905598282814026,0.7905598282814026,0.044305939227342606,0.1651342362165451
Microsoft,Building a lasting security culture at Microsoft,"At Microsoft, building a lasting security culture is more than a strategic priority—it is a call to action. Security begins and ends with people, which is why every employee plays a critical role in protecting both Microsoft and our customers. When secure pra…",https://www.microsoft.com/en-us/security/blog/2025/10/13/building-a-lasting-security-culture-at-microsoft/,2025-10-13T16:00:00Z,Microsoft.com,neutral,0.5523565411567688,0.44723349809646606,0.5523565411567688,0.0004099399084225297
Microsoft,"US stock markets surged sharply today, reversing Friday’s massive loss: Dow, S&P 500, Nasdaq stage comeback as Trump tempers China tariff talk — top stock pick today","US stock markets surged Monday. The Dow jumped 574 points, rebounding from Friday’s 1.05% loss. The S&P 500 and Nasdaq gained 1.1% and 1.5%, recovering after Friday’s sharp declines of 0.8% and 1.7%. President Trump eased tariff fears on China. Tech stocks le…",https://economictimes.indiatimes.com/news/international/us/us-stock-markets-surged-sharply-today-reversing-fridays-massive-loss-dow-sp-500-nasdaq-stage-comeback-as-trump-tempers-china-tariff-talk-top-stock-pick-today/articleshow/124530996.cms,2025-10-13T15:59:30Z,The Times of India,neutral,0.9998297691345215,2.2524836822412908e-05,0.9998297691345215,0.0001476529723731801
Microsoft,Microsoft investigates outage affecting Microsoft 365 apps,Microsoft is investigating an ongoing incident that is preventing some customers from accessing Microsoft 365 applications. [...],https://www.bleepingcomputer.com/news/microsoft/microsoft-investigates-outage-affecting-microsoft-365-apps/,2025-10-13T15:58:17Z,BleepingComputer,positive,0.9314457774162292,0.06823889166116714,0.0003153296129312366,0.9314457774162292
Microsoft,10 things businesses need to know about upgrading to Windows 11,"Windows 11 can turbocharge your productivity, and Windows 10 support has now ended – here’s what you need to know before your all-important upgrade",https://www.techradar.com/computing/windows/10-things-businesses-need-to-know-about-upgrading-to-windows-11,2025-10-13T15:57:25Z,TechRadar,negative,0.9996507167816162,0.9996507167816162,0.00028006098000332713,6.926478090463206e-05
Microsoft,Former Apple CEO says ‘AI has not been a particular strength’ for the tech giant and warns it has its first major competitor in decades,"John Sculley suggested CEO Tim Cook’s successor should focus less on apps, and more on agentic AI to compete with OpenAI.",https://finance.yahoo.com/news/former-apple-ceo-says-ai-155641198.html,2025-10-13T15:56:41Z,Yahoo Entertainment,negative,0.9863156676292419,0.9863156676292419,0.00036488930345512927,0.013319527730345726
Microsoft,"Linux 6.18 Features: New AMD & Intel CPU Features, Rocket Driver, DM-PCACHE, Other New Drivers","Now that the Linux 6.18 merge window is over with Linux 6.18-rc1 having released yesterday, here is a look at all the interesting new features and changes to find with this kernel. Making Linux 6.18 all the more exciting is that it's expected to become the 20…",https://www.phoronix.com/review/linux-618-features,2025-10-13T15:55:35Z,Phoronix,neutral,0.9977267384529114,0.0022708887699991465,0.9977267384529114,2.323492481082212e-06
Microsoft,"Fast Today, Ready for Tomorrow: QSAN XN4226D Unified Storage","QSAN XN4 series delivers high availability for unified block and file storage, supporting a broad set of protocols including NVMe-oF over TCP and RDMA.

<!--more-->

QSAN has been building enterprise storage solutions since 2004, and that experience is eviden…",https://www.storagereview.com/review/qsan-xn4-review,2025-10-13T15:43:56Z,Storagereview.com,neutral,0.9990986585617065,0.0009005303727462888,0.9990986585617065,8.071547767940501e-07
Microsoft,Even 'Incompatible' Windows 10 PCs Can Get Windows 11 for Free. Here's How,"Your Windows 10 laptop or desktop might not meet the requirements for upgrading to Windows 11, but you can still do it, and it likely won't cost anything.",https://www.cnet.com/tech/computing/incompatible-windows-10-pcs-can-get-windows-11-for-free-heres-how/,2025-10-13T15:37:00Z,CNET,negative,0.9985095858573914,0.9985095858573914,4.9857888370752335e-05,0.001440473715774715
Microsoft,Why bother with the ROG Xbox Ally when its best feature is free,"The ROG Xbox Ally tries to step on the Steam Deck’s toes with its user interface, but this Armoury Crate update is all you need to get it.",https://www.pockettactics.com/asus/xbox-ally-armoury-crate,2025-10-13T15:31:50Z,Pockettactics.com,negative,0.999839186668396,0.999839186668396,0.00010923418449237943,5.158100975677371e-05
Microsoft,Microsoft makes it official: Dark mode is getting a major (and sorely needed) upgrade on Windows 11,"Dark mode is finally coming to more areas of the OS on Windows 11, including legacy interfaces like the File Explorer and more, Microsoft confirms.",https://www.windowscentral.com/microsoft/windows-11/microsoft-makes-it-official-dark-mode-is-getting-a-major-and-sorely-needed-upgrade-on-windows-11,2025-10-13T15:29:34Z,Windows Central,negative,0.9626439213752747,0.9626439213752747,0.03733386471867561,2.2254018404055387e-05
Microsoft,Elon Musk Suggests 'Macrohard' Project Will Fuel New Hardware,"Musk recently had the 'Macrohard' logo painted on a new xAI supercomputer in Memphis.
Elon Musk is suggesting that Macrohard, his planned Microsoft rival, won’t limit itself to software products, but also try to fuel new hardware. Macrohard will be ""profoundl…",https://me.pcmag.com/en/ai/32860/elon-musk-suggests-macrohard-project-will-fuel-new-hardware,2025-10-13T15:27:08Z,PCMag.com,negative,0.9646028876304626,0.9646028876304626,0.03189147263765335,0.003505728440359235
